<application>
  <component name="FindSettings">
    <option name="customScope" value="All Places" />
    <option name="defaultScopeName" value="All Places" />
    <option name="SEARCH_SCOPE" value="All Places" />
    <mask>*.xml</mask>
    <mask>*.shtml</mask>
    <mask>*.shtm</mask>
    <mask>*.ng</mask>
    <mask>*.htm</mask>
    <mask>*.sht</mask>
    <mask>*.html</mask>
    <mask>*.mts</mask>
    <mask>*.cts</mask>
    <mask>*.ats</mask>
    <mask>*.cjs</mask>
    <mask>*.js</mask>
    <mask>index.tsx</mask>
    <mask>_layout*</mask>
    <mask>*.jsonc</mask>
    <mask>!*.html</mask>
    <mask>!.*(info|html)</mask>
    <mask>*json</mask>
    <mask>*.json</mask>
    <mask>*.css</mask>
    <mask>!*.scss</mask>
    <mask>*.ts</mask>
    <mask>*.scss</mask>
    <mask>*.tsx</mask>
    <mask>*scss</mask>
  </component>
</application>