<application>
  <component name="UsageFilteringRuleState">
    <option value="com.intellij.usages.impl.rules.WriteAccessFilteringRule" />
  </component>
  <component name="UsageViewSettings">
    <option name="IS_EXPANDED" value="true" />
    <option name="FLATTEN_MODULES" value="false" />
    <option name="GROUP_BY_DIRECTORY_STRUCTURE" value="true" />
    <option name="GROUP_BY_FILE_STRUCTURE" value="false" />
    <option name="GROUP_BY_PACKAGE" value="false" />
    <option name="GROUP_BY_USAGE_TYPE" value="false" />
    <option name="PREVIEW_USAGES_SPLITTER_PROPORTIONS" value="0.61139894" />
  </component>
</application>