<keymap version="1" name="Windows copy" parent="$default">
  <action id="CloseAllEditorsButActive">
    <keyboard-shortcut first-keystroke="alt z" />
  </action>
  <action id="ContextHelp" />
  <action id="CopyElement" />
  <action id="Debug">
    <keyboard-shortcut first-keystroke="shift f9" />
    <keyboard-shortcut first-keystroke="shift s" />
  </action>
  <action id="Editor Redo">
    <keyboard-shortcut first-keystroke="shift ctrl z" />
  </action>
  <action id="EditorDecreaseFontSize">
    <keyboard-shortcut first-keystroke="ctrl alt 1" />
  </action>
  <action id="EditorIncreaseFontSize">
    <keyboard-shortcut first-keystroke="ctrl alt 2" />
  </action>
  <action id="FindNext">
    <keyboard-shortcut first-keystroke="ctrl l" />
    <keyboard-shortcut first-keystroke="f2" />
  </action>
  <action id="FindPrevious">
    <keyboard-shortcut first-keystroke="shift f3" />
  </action>
  <action id="Forward">
    <keyboard-shortcut first-keystroke="ctrl alt right" />
  </action>
  <action id="Github.PullRequest.Diff.Comment.Create" />
  <action id="GotoDeclaration">
    <keyboard-shortcut first-keystroke="ctrl b" />
    <mouse-shortcut keystroke="control button1" />
    <mouse-shortcut keystroke="button2" />
    <keyboard-shortcut first-keystroke="shift c" />
  </action>
  <action id="GotoDeclarationOnly">
    <keyboard-shortcut first-keystroke="shift z" />
  </action>
  <action id="GotoNextError">
    <keyboard-shortcut first-keystroke="f4" />
  </action>
  <action id="GotoUrlAction" />
  <action id="Graph.AlignNodes.Center" />
  <action id="Graph.RouteEdges" />
  <action id="PasteMultiple">
    <keyboard-shortcut first-keystroke="shift ctrl insert" />
  </action>
  <action id="QuickImplementations" />
  <action id="QuickTypeDefinition">
    <keyboard-shortcut first-keystroke="shift x" />
  </action>
  <action id="RenameElement">
    <keyboard-shortcut first-keystroke="shift f6" />
    <keyboard-shortcut first-keystroke="f2" />
  </action>
  <action id="Rerun">
    <keyboard-shortcut first-keystroke="ctrl f5" />
    <keyboard-shortcut first-keystroke="f8" />
  </action>
  <action id="Resume">
    <keyboard-shortcut first-keystroke="f5" />
  </action>
  <action id="Run">
    <keyboard-shortcut first-keystroke="shift f10" />
    <keyboard-shortcut first-keystroke="shift a" />
  </action>
  <action id="SelectAllOccurrences">
    <keyboard-shortcut first-keystroke="shift ctrl alt j" />
    <keyboard-shortcut first-keystroke="shift ctrl l" />
  </action>
  <action id="SelectNextOccurrence">
    <keyboard-shortcut first-keystroke="f1" />
  </action>
  <action id="ShelvedChanges.Rename">
    <keyboard-shortcut first-keystroke="shift f6" />
  </action>
  <action id="Space.Review.CreateDiffComment" />
  <action id="StepInto">
    <keyboard-shortcut first-keystroke="f6" />
  </action>
  <action id="StepOver">
    <keyboard-shortcut first-keystroke="f7" />
  </action>
  <action id="SurroundWith">
    <keyboard-shortcut first-keystroke="ctrl alt t" />
    <keyboard-shortcut first-keystroke="shift ctrl back_slash" />
  </action>
  <action id="UnselectPreviousOccurrence">
    <keyboard-shortcut first-keystroke="shift alt j" />
    <keyboard-shortcut first-keystroke="shift f1" />
    <keyboard-shortcut first-keystroke="f3" />
  </action>
  <action id="UsageView.Rerun">
    <keyboard-shortcut first-keystroke="ctrl f5" />
  </action>
  <action id="Vcs.QuickListPopupAction">
    <keyboard-shortcut first-keystroke="shift ctrl v" />
  </action>
  <action id="com.dengzii.plugin.template.gen">
    <keyboard-shortcut first-keystroke="shift ctrl caps_lock" />
  </action>
  <action id="copilot.cycleNextInlays">
    <keyboard-shortcut first-keystroke="shift ctrl c" />
  </action>
  <action id="copilot.cyclePrevInlays">
    <keyboard-shortcut first-keystroke="shift ctrl x" />
  </action>
  <action id="copilot.requestCompletions" />
</keymap>