<keymap version="1" name="Windows copy" parent="$default">
  <action id="CloseAllEditorsButActive">
    <keyboard-shortcut first-keystroke="alt z" />
  </action>
  <action id="CompareTwoFiles" />
  <action id="Console.TableResult.NavigateExportedAction">
    <keyboard-shortcut first-keystroke="alt f7" />
  </action>
  <action id="Console.TableResult.NavigateForeignAction">
    <keyboard-shortcut first-keystroke="ctrl b" />
    <mouse-shortcut keystroke="control button1" />
    <mouse-shortcut keystroke="button2" />
  </action>
  <action id="ContextHelp" />
  <action id="CopyElement" />
  <action id="DatabaseView.CopyAction" />
  <action id="DatabaseView.MoveToGroup" />
  <action id="DatabaseView.Tools" />
  <action id="Debug">
    <keyboard-shortcut first-keystroke="shift f9" />
    <keyboard-shortcut first-keystroke="shift s" />
  </action>
  <action id="Diff.ShowDiff" />
  <action id="Editor Redo">
    <keyboard-shortcut first-keystroke="shift ctrl z" />
  </action>
  <action id="EditorDecreaseFontSize">
    <keyboard-shortcut first-keystroke="ctrl alt 1" />
  </action>
  <action id="EditorDuplicate" />
  <action id="EditorIncreaseFontSize">
    <keyboard-shortcut first-keystroke="ctrl alt 2" />
  </action>
  <action id="EditorSelectWord">
    <keyboard-shortcut first-keystroke="ctrl d" />
    <keyboard-shortcut first-keystroke="shift ctrl a" />
  </action>
  <action id="EditorUnSelectWord" />
  <action id="FileChooser.GotoDesktop" />
  <action id="FileChooserList.Root" />
  <action id="FindNext">
    <keyboard-shortcut first-keystroke="ctrl l" />
    <keyboard-shortcut first-keystroke="f2" />
  </action>
  <action id="FindPrevious">
    <keyboard-shortcut first-keystroke="shift f3" />
  </action>
  <action id="Forward">
    <keyboard-shortcut first-keystroke="ctrl alt right" />
  </action>
  <action id="Generate">
    <keyboard-shortcut first-keystroke="alt insert" />
    <keyboard-shortcut first-keystroke="shift x" />
  </action>
  <action id="Github.PullRequest.Diff.Comment.Create" />
  <action id="GotoAction" />
  <action id="GotoDeclaration">
    <keyboard-shortcut first-keystroke="ctrl b" />
    <mouse-shortcut keystroke="control button1" />
    <mouse-shortcut keystroke="button2" />
    <keyboard-shortcut first-keystroke="shift q" />
  </action>
  <action id="GotoNextError">
    <keyboard-shortcut first-keystroke="f4" />
  </action>
  <action id="GotoUrlAction" />
  <action id="Graph.AlignNodes.Center" />
  <action id="Graph.RouteEdges" />
  <action id="IntentionActionAsAction_com.intellij.codeInsight.daemon.impl.analysis.RemoveTagAndPromoteChildrenIntentionAction">
    <keyboard-shortcut first-keystroke="shift ctrl x" />
    <keyboard-shortcut first-keystroke="shift ctrl back_slash" />
  </action>
  <action id="Jdbc.OpenConsole.New" />
  <action id="Jdbc.OpenConsole.New.Generate" />
  <action id="Move" />
  <action id="PasteMultiple">
    <keyboard-shortcut first-keystroke="shift ctrl insert" />
  </action>
  <action id="ProblemsView.QuickFixes" />
  <action id="QuickImplementations" />
  <action id="QuickJavaDoc">
    <keyboard-shortcut first-keystroke="shift ctrl q" />
  </action>
  <action id="QuickTypeDefinition">
    <keyboard-shortcut first-keystroke="shift e" />
  </action>
  <action id="Refactorings.QuickListPopupAction">
    <keyboard-shortcut first-keystroke="shift ctrl alt t" />
    <keyboard-shortcut first-keystroke="shift c" />
  </action>
  <action id="RenameElement">
    <keyboard-shortcut first-keystroke="shift f6" />
    <keyboard-shortcut first-keystroke="f2" />
  </action>
  <action id="Replace" />
  <action id="ReplaceInPath">
    <keyboard-shortcut first-keystroke="shift ctrl r" />
    <keyboard-shortcut first-keystroke="ctrl r" />
  </action>
  <action id="Rerun">
    <keyboard-shortcut first-keystroke="ctrl f5" />
    <keyboard-shortcut first-keystroke="f8" />
  </action>
  <action id="Resume">
    <keyboard-shortcut first-keystroke="f5" />
  </action>
  <action id="Run">
    <keyboard-shortcut first-keystroke="shift f10" />
    <keyboard-shortcut first-keystroke="shift a" />
  </action>
  <action id="RunDashboard.CopyConfiguration" />
  <action id="SelectAllOccurrences">
    <keyboard-shortcut first-keystroke="shift ctrl alt j" />
    <keyboard-shortcut first-keystroke="shift ctrl l" />
  </action>
  <action id="SelectNextOccurrence">
    <keyboard-shortcut first-keystroke="f1" />
  </action>
  <action id="SendEOF" />
  <action id="SetShortcutAction" />
  <action id="ShelvedChanges.Rename">
    <keyboard-shortcut first-keystroke="shift f6" />
  </action>
  <action id="ShowIntentionActions">
    <keyboard-shortcut first-keystroke="shift z" />
  </action>
  <action id="ShowUsages">
    <keyboard-shortcut first-keystroke="ctrl alt f7" />
    <keyboard-shortcut first-keystroke="shift w" />
  </action>
  <action id="SmartSelect">
    <keyboard-shortcut first-keystroke="ctrl d" />
  </action>
  <action id="SmartUnSelect" />
  <action id="Space.Review.CreateDiffComment" />
  <action id="StepInto">
    <keyboard-shortcut first-keystroke="f6" />
  </action>
  <action id="StepOver">
    <keyboard-shortcut first-keystroke="f7" />
  </action>
  <action id="SurroundWith">
    <keyboard-shortcut first-keystroke="shift back_slash" />
  </action>
  <action id="SwitcherIterateItems">
    <keyboard-shortcut first-keystroke="shift e" />
  </action>
  <action id="SwitcherRecentEditedChangedToggleCheckBox" />
  <action id="TableResult.GrowSelection">
    <keyboard-shortcut first-keystroke="ctrl d" />
  </action>
  <action id="TableResult.ShrinkSelection" />
  <action id="UnselectPreviousOccurrence">
    <keyboard-shortcut first-keystroke="shift alt j" />
    <keyboard-shortcut first-keystroke="shift f1" />
    <keyboard-shortcut first-keystroke="f3" />
  </action>
  <action id="UsageFiltering.ReadAccess" />
  <action id="UsageFiltering.WriteAccess" />
  <action id="UsageView.Rerun">
    <keyboard-shortcut first-keystroke="ctrl f5" />
  </action>
  <action id="Vcs.QuickListPopupAction">
    <keyboard-shortcut first-keystroke="shift ctrl w" />
  </action>
  <action id="XDebugger.CopyWatch" />
  <action id="com.dengzii.plugin.template.gen">
    <keyboard-shortcut first-keystroke="shift ctrl caps_lock" />
  </action>
  <action id="com.jetbrains.php.framework.FrameworkRunConsoleAction" />
  <action id="copilot.cycleNextInlays">
    <keyboard-shortcut first-keystroke="shift ctrl c" />
  </action>
  <action id="copilot.requestCompletions" />
</keymap>