<application>
  <component name="Atom Icon Selections Config">
    <option name="selectedFolderAssociations">
      <SelectedAssociations>
        <option name="iconType" value="FOLDER" />
        <option name="ownAssociations">
          <map>
            <entry key="models">
              <value>
                <RegexAssociation>
                  <option name="matcher" value="^[\._]?(protocols?|models?|structs?|class|classes|entity|entities|dto|objects?)$" />
                  <option name="pattern" value="^[\._]?(protocols?|models?|structs?|class|classes|entity|entities|dto|objects?)$" />
                  <option name="touched" value="true" />
                  <option name="iconType" value="FOLDER" />
                  <option name="name" value="models" />
                  <option name="icon" value="/models.svg" />
                </RegexAssociation>
              </value>
            </entry>
            <entry key="protocols">
              <value>
                <RegexAssociation>
                  <option name="matcher" value="^[\._]?(protocols)?)$" />
                  <option name="pattern" value="^[\._]?(protocols)?)$" />
                  <option name="touched" value="true" />
                  <option name="name" value="protocols" />
                  <option name="icon" value="models.svg" />
                  <option name="priority" value="10000" />
                </RegexAssociation>
              </value>
            </entry>
            <entry key="viewModels">
              <value>
                <RegexAssociation>
                  <option name="matcher" value="^[\._]?(view[mM]odels?|crud)$" />
                  <option name="pattern" value="^[\._]?(view[mM]odels?|crud)$" />
                  <option name="enabled" value="false" />
                  <option name="touched" value="true" />
                  <option name="iconType" value="FOLDER" />
                  <option name="name" value="viewModels" />
                  <option name="icon" value="/viewmodel.svg" />
                </RegexAssociation>
              </value>
            </entry>
          </map>
        </option>
      </SelectedAssociations>
    </option>
  </component>
</application>