<application>
  <component name="CodeFoldingSettings">
    <option name="COLLAPSE_IMPORTS" value="false" />
  </component>
  <component name="EditorSettings">
    <option name="languageBreadcrumbsMap">
      <map>
        <entry key="TypeScript" value="true" />
      </map>
    </option>
    <option name="USE_SOFT_WRAPS" value="MAIN_EDITOR" />
    <option name="SOFT_WRAP_FILE_MASKS" value="*.*" />
    <option name="IS_ENSURE_NEWLINE_AT_EOF" value="true" />
  </component>
  <component name="JSCodeFoldingSettings">
    <option name="collapseArrayLiterals" value="true" />
    <option name="collapseObjectLiterals" value="true" />
    <option name="COLLAPSE_OBJECT_LITERALS" value="true" />
    <option name="COLLAPSE_ARRAY_LITERALS" value="true" />
  </component>
  <component name="LiveEditOptions" updateFilesToCompile="true" />
</application>