<application>
  <component name="ProjectTreeColorHighlighter">
    <colors>
      <color id="1" value="#4f060d" name="Color 1" enabled="true" />
      <color id="2" value="#44220e" name="Color 2" enabled="true" />
      <color id="3" value="#3f371b" name="Color 3" enabled="true" />
      <color id="4" value="#162c16" name="Color 4" enabled="true" />
      <color id="5" value="#0f2f47" name="Color 5" enabled="true" />
      <color id="6" value="#171a34" name="Color 6" enabled="true" />
      <color id="7" value="#311333" name="Color 7" enabled="true" />
      <color id="8" value="#1e1e1e" name="Color 8" enabled="true" />
    </colors>
  </component>
</application>