<application>
  <component name="TemplateSettings">
    <option name="deletedKeys">
      <list>
        <TemplateKey>
          <option name="groupName" value="Shell Script Hidden" />
          <option name="key" value="shell_if" />
        </TemplateKey>
        <TemplateKey>
          <option name="groupName" value="Shell Script Hidden" />
          <option name="key" value="shell_elif" />
        </TemplateKey>
        <TemplateKey>
          <option name="groupName" value="Shell Script Hidden" />
          <option name="key" value="shell_select" />
        </TemplateKey>
        <TemplateKey>
          <option name="groupName" value="Shell Script Hidden" />
          <option name="key" value="shell_case" />
        </TemplateKey>
        <TemplateKey>
          <option name="groupName" value="Shell Script Hidden" />
          <option name="key" value="shell_for" />
        </TemplateKey>
        <TemplateKey>
          <option name="groupName" value="Shell Script Hidden" />
          <option name="key" value="shell_while" />
        </TemplateKey>
        <TemplateKey>
          <option name="groupName" value="Shell Script Hidden" />
          <option name="key" value="shell_until" />
        </TemplateKey>
        <TemplateKey>
          <option name="groupName" value="Shell Script Hidden" />
          <option name="key" value="shell_function" />
        </TemplateKey>
        <TemplateKey>
          <option name="groupName" value="Shell Script Hidden" />
          <option name="key" value="shell_string equal" />
        </TemplateKey>
        <TemplateKey>
          <option name="groupName" value="Shell Script Hidden" />
          <option name="key" value="shell_string not equal" />
        </TemplateKey>
        <TemplateKey>
          <option name="groupName" value="Shell Script Hidden" />
          <option name="key" value="shell_string is empty" />
        </TemplateKey>
        <TemplateKey>
          <option name="groupName" value="Shell Script Hidden" />
          <option name="key" value="shell_string not empty" />
        </TemplateKey>
        <TemplateKey>
          <option name="groupName" value="Shell Script Hidden" />
          <option name="key" value="shell_number equal" />
        </TemplateKey>
        <TemplateKey>
          <option name="groupName" value="Shell Script Hidden" />
          <option name="key" value="shell_number not equal" />
        </TemplateKey>
        <TemplateKey>
          <option name="groupName" value="Shell Script Hidden" />
          <option name="key" value="shell_number less" />
        </TemplateKey>
        <TemplateKey>
          <option name="groupName" value="Shell Script Hidden" />
          <option name="key" value="shell_number less or equal" />
        </TemplateKey>
        <TemplateKey>
          <option name="groupName" value="Shell Script Hidden" />
          <option name="key" value="shell_number greater" />
        </TemplateKey>
        <TemplateKey>
          <option name="groupName" value="Shell Script Hidden" />
          <option name="key" value="shell_number greater or equal" />
        </TemplateKey>
        <TemplateKey>
          <option name="groupName" value="Shell Script Hidden" />
          <option name="key" value="shell_file exists" />
        </TemplateKey>
        <TemplateKey>
          <option name="groupName" value="Shell Script Hidden" />
          <option name="key" value="shell_file not empty" />
        </TemplateKey>
        <TemplateKey>
          <option name="groupName" value="Shell Script Hidden" />
          <option name="key" value="shell_file readable" />
        </TemplateKey>
        <TemplateKey>
          <option name="groupName" value="Shell Script Hidden" />
          <option name="key" value="shell_file writable" />
        </TemplateKey>
        <TemplateKey>
          <option name="groupName" value="Shell Script Hidden" />
          <option name="key" value="shell_file executable" />
        </TemplateKey>
        <TemplateKey>
          <option name="groupName" value="Shell Script Hidden" />
          <option name="key" value="shell_file equals" />
        </TemplateKey>
        <TemplateKey>
          <option name="groupName" value="Shell Script Hidden" />
          <option name="key" value="shell_file newer" />
        </TemplateKey>
        <TemplateKey>
          <option name="groupName" value="Shell Script Hidden" />
          <option name="key" value="shell_file older" />
        </TemplateKey>
        <TemplateKey>
          <option name="groupName" value="Shell Script Hidden" />
          <option name="key" value="shell_path exists" />
        </TemplateKey>
        <TemplateKey>
          <option name="groupName" value="Shell Script Hidden" />
          <option name="key" value="shell_directory exists" />
        </TemplateKey>
        <TemplateKey>
          <option name="groupName" value="Shell Script Hidden" />
          <option name="key" value="shell_command exists" />
        </TemplateKey>
        <TemplateKey>
          <option name="groupName" value="JavaScript" />
          <option name="key" value="fori" />
        </TemplateKey>
        <TemplateKey>
          <option name="groupName" value="JavaScript" />
          <option name="key" value="forof" />
        </TemplateKey>
        <TemplateKey>
          <option name="groupName" value="JavaScript" />
          <option name="key" value="forin" />
        </TemplateKey>
        <TemplateKey>
          <option name="groupName" value="JavaScript" />
          <option name="key" value="importitems" />
        </TemplateKey>
        <TemplateKey>
          <option name="groupName" value="JavaScript" />
          <option name="key" value="importns" />
        </TemplateKey>
        <TemplateKey>
          <option name="groupName" value="JavaScript" />
          <option name="key" value="importdefault" />
        </TemplateKey>
        <TemplateKey>
          <option name="groupName" value="JavaScript" />
          <option name="key" value="exportall" />
        </TemplateKey>
        <TemplateKey>
          <option name="groupName" value="JavaScript" />
          <option name="key" value="exportfrom" />
        </TemplateKey>
        <TemplateKey>
          <option name="groupName" value="JavaScript" />
          <option name="key" value="exportitems" />
        </TemplateKey>
        <TemplateKey>
          <option name="groupName" value="JavaScript" />
          <option name="key" value="error" />
        </TemplateKey>
        <TemplateKey>
          <option name="groupName" value="JavaScript" />
          <option name="key" value="info" />
        </TemplateKey>
        <TemplateKey>
          <option name="groupName" value="JavaScript" />
          <option name="key" value="assert" />
        </TemplateKey>
        <TemplateKey>
          <option name="groupName" value="JavaScript" />
          <option name="key" value="defn" />
        </TemplateKey>
        <TemplateKey>
          <option name="groupName" value="JavaScript" />
          <option name="key" value="flow" />
        </TemplateKey>
        <TemplateKey>
          <option name="groupName" value="JavaScript" />
          <option name="key" value="arf" />
        </TemplateKey>
        <TemplateKey>
          <option name="groupName" value="React" />
          <option name="key" value="bnd" />
        </TemplateKey>
        <TemplateKey>
          <option name="groupName" value="React" />
          <option name="key" value="con" />
        </TemplateKey>
        <TemplateKey>
          <option name="groupName" value="React" />
          <option name="key" value="conc" />
        </TemplateKey>
        <TemplateKey>
          <option name="groupName" value="React" />
          <option name="key" value="cdc" />
        </TemplateKey>
        <TemplateKey>
          <option name="groupName" value="React" />
          <option name="key" value="cdm" />
        </TemplateKey>
        <TemplateKey>
          <option name="groupName" value="React" />
          <option name="key" value="cdup" />
        </TemplateKey>
        <TemplateKey>
          <option name="groupName" value="React" />
          <option name="key" value="props" />
        </TemplateKey>
        <TemplateKey>
          <option name="groupName" value="React" />
          <option name="key" value="ren" />
        </TemplateKey>
        <TemplateKey>
          <option name="groupName" value="React" />
          <option name="key" value="ssf" />
        </TemplateKey>
        <TemplateKey>
          <option name="groupName" value="React" />
          <option name="key" value="sst" />
        </TemplateKey>
        <TemplateKey>
          <option name="groupName" value="React" />
          <option name="key" value="state" />
        </TemplateKey>
        <TemplateKey>
          <option name="groupName" value="React" />
          <option name="key" value="cwm" />
        </TemplateKey>
        <TemplateKey>
          <option name="groupName" value="React" />
          <option name="key" value="cwr" />
        </TemplateKey>
        <TemplateKey>
          <option name="groupName" value="React" />
          <option name="key" value="cwun" />
        </TemplateKey>
        <TemplateKey>
          <option name="groupName" value="React" />
          <option name="key" value="cwup" />
        </TemplateKey>
        <TemplateKey>
          <option name="groupName" value="React" />
          <option name="key" value="rdp" />
        </TemplateKey>
        <TemplateKey>
          <option name="groupName" value="React" />
          <option name="key" value="disp" />
        </TemplateKey>
        <TemplateKey>
          <option name="groupName" value="React" />
          <option name="key" value="est" />
        </TemplateKey>
        <TemplateKey>
          <option name="groupName" value="React" />
          <option name="key" value="fcc" />
        </TemplateKey>
        <TemplateKey>
          <option name="groupName" value="React" />
          <option name="key" value="fsc" />
        </TemplateKey>
        <TemplateKey>
          <option name="groupName" value="React" />
          <option name="key" value="fsf" />
        </TemplateKey>
        <TemplateKey>
          <option name="groupName" value="React" />
          <option name="key" value="gdsfp" />
        </TemplateKey>
        <TemplateKey>
          <option name="groupName" value="React" />
          <option name="key" value="gsbu" />
        </TemplateKey>
        <TemplateKey>
          <option name="groupName" value="React" />
          <option name="key" value="pta" />
        </TemplateKey>
        <TemplateKey>
          <option name="groupName" value="React" />
          <option name="key" value="ptao" />
        </TemplateKey>
        <TemplateKey>
          <option name="groupName" value="React" />
          <option name="key" value="ptaor" />
        </TemplateKey>
        <TemplateKey>
          <option name="groupName" value="React" />
          <option name="key" value="ptar" />
        </TemplateKey>
        <TemplateKey>
          <option name="groupName" value="React" />
          <option name="key" value="ptb" />
        </TemplateKey>
        <TemplateKey>
          <option name="groupName" value="React" />
          <option name="key" value="ptbr" />
        </TemplateKey>
        <TemplateKey>
          <option name="groupName" value="React" />
          <option name="key" value="ptel" />
        </TemplateKey>
        <TemplateKey>
          <option name="groupName" value="React" />
          <option name="key" value="ptelr" />
        </TemplateKey>
        <TemplateKey>
          <option name="groupName" value="React" />
          <option name="key" value="pte" />
        </TemplateKey>
        <TemplateKey>
          <option name="groupName" value="React" />
          <option name="key" value="pter" />
        </TemplateKey>
        <TemplateKey>
          <option name="groupName" value="React" />
          <option name="key" value="ptf" />
        </TemplateKey>
        <TemplateKey>
          <option name="groupName" value="React" />
          <option name="key" value="ptfr" />
        </TemplateKey>
        <TemplateKey>
          <option name="groupName" value="React" />
          <option name="key" value="pti" />
        </TemplateKey>
        <TemplateKey>
          <option name="groupName" value="React" />
          <option name="key" value="ptir" />
        </TemplateKey>
        <TemplateKey>
          <option name="groupName" value="React" />
          <option name="key" value="ptnd" />
        </TemplateKey>
        <TemplateKey>
          <option name="groupName" value="React" />
          <option name="key" value="ptndr" />
        </TemplateKey>
        <TemplateKey>
          <option name="groupName" value="React" />
          <option name="key" value="ptn" />
        </TemplateKey>
        <TemplateKey>
          <option name="groupName" value="React" />
          <option name="key" value="ptnr" />
        </TemplateKey>
        <TemplateKey>
          <option name="groupName" value="React" />
          <option name="key" value="pto" />
        </TemplateKey>
        <TemplateKey>
          <option name="groupName" value="React" />
          <option name="key" value="ptoo" />
        </TemplateKey>
        <TemplateKey>
          <option name="groupName" value="React" />
          <option name="key" value="ptoor" />
        </TemplateKey>
        <TemplateKey>
          <option name="groupName" value="React" />
          <option name="key" value="ptoos" />
        </TemplateKey>
        <TemplateKey>
          <option name="groupName" value="React" />
          <option name="key" value="ptoosr" />
        </TemplateKey>
        <TemplateKey>
          <option name="groupName" value="React" />
          <option name="key" value="ptor" />
        </TemplateKey>
        <TemplateKey>
          <option name="groupName" value="React" />
          <option name="key" value="ptet" />
        </TemplateKey>
        <TemplateKey>
          <option name="groupName" value="React" />
          <option name="key" value="ptetr" />
        </TemplateKey>
        <TemplateKey>
          <option name="groupName" value="React" />
          <option name="key" value="ptsh" />
        </TemplateKey>
        <TemplateKey>
          <option name="groupName" value="React" />
          <option name="key" value="ptshr" />
        </TemplateKey>
        <TemplateKey>
          <option name="groupName" value="React" />
          <option name="key" value="pts" />
        </TemplateKey>
        <TemplateKey>
          <option name="groupName" value="React" />
          <option name="key" value="ptsr" />
        </TemplateKey>
        <TemplateKey>
          <option name="groupName" value="React" />
          <option name="key" value="rpt" />
        </TemplateKey>
        <TemplateKey>
          <option name="groupName" value="React" />
          <option name="key" value="rcc" />
        </TemplateKey>
        <TemplateKey>
          <option name="groupName" value="React" />
          <option name="key" value="rccp" />
        </TemplateKey>
        <TemplateKey>
          <option name="groupName" value="React" />
          <option name="key" value="rcfc" />
        </TemplateKey>
        <TemplateKey>
          <option name="groupName" value="React" />
          <option name="key" value="rcjc" />
        </TemplateKey>
        <TemplateKey>
          <option name="groupName" value="React" />
          <option name="key" value="rpc" />
        </TemplateKey>
        <TemplateKey>
          <option name="groupName" value="React" />
          <option name="key" value="rrc" />
        </TemplateKey>
        <TemplateKey>
          <option name="groupName" value="React" />
          <option name="key" value="rrdc" />
        </TemplateKey>
        <TemplateKey>
          <option name="groupName" value="React" />
          <option name="key" value="rsc" />
        </TemplateKey>
        <TemplateKey>
          <option name="groupName" value="React" />
          <option name="key" value="rsf" />
        </TemplateKey>
        <TemplateKey>
          <option name="groupName" value="React" />
          <option name="key" value="rsfp" />
        </TemplateKey>
        <TemplateKey>
          <option name="groupName" value="React" />
          <option name="key" value="rsi" />
        </TemplateKey>
        <TemplateKey>
          <option name="groupName" value="React" />
          <option name="key" value="rscp" />
        </TemplateKey>
        <TemplateKey>
          <option name="groupName" value="React" />
          <option name="key" value="rwwd" />
        </TemplateKey>
        <TemplateKey>
          <option name="groupName" value="React" />
          <option name="key" value="scu" />
        </TemplateKey>
      </list>
    </option>
  </component>
</application>