<code_scheme name="Default" version="173">
  <HTMLCodeStyleSettings>
    <option name="HTML_DO_NOT_INDENT_CHILDREN_OF" value="html,body,thead,tfoot" />
  </HTMLCodeStyleSettings>
  <Markdown>
    <option name="MAX_LINES_AROUND_HEADER" value="0" />
    <option name="MAX_LINES_AROUND_BLOCK_ELEMENTS" value="0" />
    <option name="MAX_LINES_BETWEEN_PARAGRAPHS" value="0" />
    <option name="WRAP_TEXT_INSIDE_BLOCKQUOTES" value="false" />
  </Markdown>
  <PHPCodeStyleSettings>
    <option name="INDENT_CODE_IN_PHP_TAGS" value="true" />
    <option name="ALIGN_KEY_VALUE_PAIRS" value="true" />
    <option name="PHPDOC_BLANK_LINE_BEFORE_TAGS" value="true" />
    <option name="PHPDOC_BLANK_LINES_AROUND_PARAMETERS" value="true" />
    <option name="LOWER_CASE_BOOLEAN_CONST" value="true" />
    <option name="LOWER_CASE_NULL_CONST" value="true" />
    <option name="KEEP_BLANK_LINES_AFTER_LBRACE" value="1" />
    <option name="FORCE_SHORT_DECLARATION_ARRAY_STYLE" value="true" />
    <option name="FORCE_EMPTY_METHODS_IN_ONE_LINE" value="true" />
    <option name="MULTILINE_CHAINED_CALLS_SEMICOLON_ON_NEW_LINE" value="true" />
  </PHPCodeStyleSettings>
  <TypeScriptCodeStyleSettings version="0">
    <option name="OBJECT_LITERAL_WRAP" value="2" />
  </TypeScriptCodeStyleSettings>
  <editorconfig>
    <option name="ENABLED" value="false" />
  </editorconfig>
  <codeStyleSettings language="HTML">
    <indentOptions>
      <option name="INDENT_SIZE" value="2" />
      <option name="CONTINUATION_INDENT_SIZE" value="3" />
      <option name="TAB_SIZE" value="2" />
    </indentOptions>
  </codeStyleSettings>
  <codeStyleSettings language="JSON">
    <option name="KEEP_BLANK_LINES_IN_CODE" value="2" />
  </codeStyleSettings>
  <codeStyleSettings language="JavaScript">
    <indentOptions>
      <option name="INDENT_SIZE" value="2" />
      <option name="CONTINUATION_INDENT_SIZE" value="2" />
      <option name="TAB_SIZE" value="2" />
    </indentOptions>
  </codeStyleSettings>
  <codeStyleSettings language="PHP">
    <option name="KEEP_LINE_BREAKS" value="false" />
    <option name="KEEP_CONTROL_STATEMENT_IN_ONE_LINE" value="false" />
    <option name="KEEP_BLANK_LINES_IN_DECLARATIONS" value="1" />
    <option name="KEEP_BLANK_LINES_IN_CODE" value="1" />
    <option name="KEEP_BLANK_LINES_BEFORE_RBRACE" value="1" />
    <option name="CLASS_BRACE_STYLE" value="1" />
    <option name="METHOD_BRACE_STYLE" value="1" />
    <option name="ALIGN_MULTILINE_CHAINED_METHODS" value="true" />
    <option name="ALIGN_MULTILINE_PARAMETERS" value="false" />
    <option name="CALL_PARAMETERS_WRAP" value="2" />
    <option name="CALL_PARAMETERS_LPAREN_ON_NEXT_LINE" value="true" />
    <option name="CALL_PARAMETERS_RPAREN_ON_NEXT_LINE" value="true" />
    <option name="ARRAY_INITIALIZER_WRAP" value="2" />
    <option name="ARRAY_INITIALIZER_LBRACE_ON_NEXT_LINE" value="true" />
    <option name="ARRAY_INITIALIZER_RBRACE_ON_NEXT_LINE" value="true" />
    <indentOptions>
      <option name="INDENT_SIZE" value="2" />
      <option name="CONTINUATION_INDENT_SIZE" value="2" />
      <option name="TAB_SIZE" value="2" />
      <option name="KEEP_INDENTS_ON_EMPTY_LINES" value="true" />
    </indentOptions>
  </codeStyleSettings>
  <codeStyleSettings language="SCSS">
    <option name="KEEP_BLANK_LINES_IN_CODE" value="1" />
    <indentOptions>
      <option name="CONTINUATION_INDENT_SIZE" value="2" />
      <option name="TAB_SIZE" value="2" />
    </indentOptions>
  </codeStyleSettings>
  <codeStyleSettings language="TypeScript">
    <option name="TERNARY_OPERATION_WRAP" value="2" />
    <option name="ARRAY_INITIALIZER_WRAP" value="2" />
    <option name="ARRAY_INITIALIZER_LBRACE_ON_NEXT_LINE" value="true" />
    <option name="ARRAY_INITIALIZER_RBRACE_ON_NEXT_LINE" value="true" />
    <indentOptions>
      <option name="INDENT_SIZE" value="2" />
      <option name="CONTINUATION_INDENT_SIZE" value="2" />
      <option name="TAB_SIZE" value="2" />
      <option name="USE_TAB_CHARACTER" value="true" />
    </indentOptions>
  </codeStyleSettings>
</code_scheme>